date,snow_on_grnd_cm
2020-01-01,0
2020-01-02,0
2020-01-04,2
2020-01-05,0
2020-01-06,4
2020-01-07,2
2020-01-08,2
2020-01-09,1
2020-01-10,0
2020-01-12,1
2020-01-13,0
2020-01-14,0
2020-01-16,0
2020-01-18,6
2020-01-19,16
2020-01-20,13
2020-01-21,12
2020-01-22,11
2020-01-23,7
2020-01-24,4
2020-01-25,1
2020-01-26,0
2020-01-27,0
2020-01-28,0
2020-01-31,0
2020-02-01,0
2020-02-02,2
2020-02-03,2
2020-02-05,1
2020-02-06,3
2020-02-07,8
2020-02-08,9
2020-02-09,5
2020-02-10,11
2020-02-11,7
2020-02-12,3
2020-02-13,6
2020-02-14,7
2020-02-15,3
2020-02-16,2
2020-02-17,1
2020-02-18,5
2020-02-19,1
2020-02-20,0
2020-02-25,1
2020-02-26,1
2020-02-27,13
2020-02-28,11
2020-02-29,12
2020-03-01,11
2020-03-02,2
2020-03-03,0
2020-03-04,0
2020-03-05,0
2020-03-06,0
2020-03-16,0
2020-03-23,2
2020-04-14,0
2020-05-11,0
2020-11-01,1
2020-11-02,0
2020-11-17,0
2020-11-18,0
2020-11-22,7
2020-11-23,17
2020-11-24,11
2020-11-25,8
2020-11-30,1
2020-12-01,9
2020-12-02,11
2020-12-03,5
2020-12-04,0
2020-12-06,0
2020-12-07,0
2020-12-09,4
2020-12-10,0
2020-12-14,0
2020-12-15,0
2020-12-16,0
2020-12-17,2
2020-12-18,0
2020-12-19,0
2020-12-20,0
2020-12-24,1
2020-12-25,11
2020-12-26,16
2020-12-27,15
2020-12-28,5
2020-12-29,2
2020-12-30,4
2020-12-31,1
2021-01-01,1
2021-01-02,7
2021-01-03,4
2021-01-04,2
2021-01-05,2
2021-01-06,2
2021-01-07,2
2021-01-08,2
2021-01-09,2
2021-01-10,2
2021-01-11,2
2021-01-12,1
2021-01-13,1
2021-01-14,1
2021-01-15,0
2021-01-18,0
2021-01-19,0
2021-01-20,0
2021-01-21,0
2021-01-22,0
2021-01-26,6
2021-01-27,8
2021-01-28,6
2021-01-29,5
2021-01-31,5
2021-02-01,4
2021-02-02,3
2021-02-03,2
2021-02-04,2
2021-02-05,2
2021-02-06,1
2021-02-07,2
2021-02-08,1
2021-02-09,2
2021-02-10,1
2021-02-11,1
2021-02-12,1
2021-02-13,2
2021-02-14,6
2021-02-15,2
2021-02-16,12
2021-02-17,12
2021-02-18,10
2021-02-19,18
2021-02-20,16
2021-02-21,12
2021-02-22,14
2021-02-23,10
2021-02-24,6
2021-02-25,1
2021-02-26,0
2021-02-27,0
2021-03-01,0
2021-03-04,0
2021-04-20,0
2021-04-21,2
2021-11-26,0
2021-11-28,1
2021-11-29,10
2021-11-30,8
2021-12-01,2
2021-12-05,1
2021-12-06,0
2021-12-07,0
2021-12-08,1
2021-12-09,2
2021-12-10,2
2021-12-18,0
2021-12-19,8
2021-12-20,4
2021-12-21,1
2021-12-22,1
2021-12-23,1
2021-12-24,5
2021-12-25,0
2021-12-27,4
2021-12-28,2
2021-12-29,1
2022-01-01,3
2022-01-02,3
2022-01-03,5
2022-01-05,1
2022-01-06,0
2022-01-07,0
2022-01-08,0
2022-01-09,0
2022-01-10,0
2022-01-11,0
2022-01-12,0
2022-01-13,0
2022-01-15,0
2022-01-16,0
2022-01-17,15
2022-01-18,32
2022-01-19,30
2022-01-20,25
2022-01-21,23
2022-01-22,21
2022-01-23,20
2022-01-24,18
2022-01-25,21
2022-01-26,20
2022-01-27,20
2022-01-28,20
2022-01-29,20
2022-01-30,19
2022-01-31,18
2022-02-01,8
2022-02-02,8
2022-02-03,15
2022-02-04,21
2022-02-05,19
2022-02-06,17
2022-02-07,16
2022-02-08,15
2022-02-09,14
2022-02-10,11
2022-02-11,10
2022-02-12,8
2022-02-13,5
2022-02-14,5
2022-02-15,5
2022-02-16,5
2022-02-17,0
2022-02-18,16
2022-02-19,19
2022-02-20,16
2022-02-21,6
2022-02-22,5
2022-02-23,0
2022-02-24,0
2022-02-25,3
2022-02-26,6
2022-02-27,6
2022-02-28,6
2022-03-01,3
2022-03-02,0
2022-03-03,1
2022-03-04,0
2022-03-05,0
2022-03-06,0
2022-03-07,0
2022-03-08,1
2022-03-10,0
2022-03-11,2
2022-03-12,5
2022-03-13,5
2022-03-14,2
2022-03-15,0
2022-03-16,5
2022-03-17,0
2022-03-27,1
2022-03-28,1
2022-03-29,0
2022-03-30,0
2022-04-01,1
2022-04-03,0
2022-04-18,6
2022-04-19,2
2022-11-15,1
2022-11-16,7
2022-11-17,5
2022-11-18,3
2022-11-19,3
2022-11-20,5
2022-11-21,4
2022-11-22,0
2022-11-23,0
2022-11-30,1
2022-12-01,0
2022-12-03,0
2022-12-04,0
2022-12-11,1
2022-12-12,4
2022-12-13,3
2022-12-14,2
2022-12-15,1
2022-12-16,2
2022-12-17,2
2022-12-18,1
2022-12-19,1
2022-12-20,0
2022-12-21,0
2022-12-22,0
2022-12-23,1
2022-12-24,2
2022-12-25,1
2022-12-26,1
2022-12-27,1
2022-12-28,1
2023-01-12,1
2023-01-13,6
2023-01-14,6
2023-01-15,2
2023-01-16,1
2023-01-17,0
2023-01-22,2
2023-01-23,2
2023-01-24,0
2023-01-25,0
2023-01-26,9
2023-01-27,9
2023-01-28,10
2023-01-29,12
2023-01-30,18
2023-01-31,17
2023-02-01,14
2023-02-02,14
2023-02-03,14
2023-02-04,14
2023-02-05,13
2023-02-06,7
2023-02-07,6
2023-02-08,1
2023-02-10,0
2023-02-11,0
2023-02-17,0
2023-02-18,0
2023-02-22,1
2023-02-23,17
2023-02-24,15
2023-02-25,14
2023-02-26,14
2023-02-27,10
2023-02-28,13
2023-03-01,10
2023-03-03,6
2023-03-04,28
2023-03-05,15
2023-03-06,15
2023-03-07,11
2023-03-08,9
2023-03-09,7
2023-03-10,5
2023-03-11,14
2023-03-12,10
2023-03-13,15
2023-03-14,14
2023-03-15,12
2023-03-16,6
2023-03-17,4
2023-03-18,1
2023-03-19,2
2023-03-20,1
2023-03-21,0
2023-03-22,0
2023-03-29,0
2023-03-30,0
2023-11-27,0
2023-11-28,0
2023-11-29,0
2023-12-01,0
2023-12-05,0
2023-12-06,0
2023-12-07,3
2023-12-18,0
2023-12-19,0
2023-12-20,0
2023-12-31,0
2024-01-01,2
2024-01-03,0
2024-01-06,2
2024-01-07,4
2024-01-08,3
2024-01-09,3
2024-01-11,1
2024-01-12,5
2024-01-13,3
2024-01-14,5
2024-01-15,5
2024-01-16,3
2024-01-17,3
2024-01-18,3
2024-01-19,3
2024-01-20,2
2024-01-21,2
2024-01-22,2
2024-01-23,2
2024-01-24,3
2024-01-25,1
2024-02-13,0
2024-02-14,0
2024-02-15,1
2024-02-16,7
2024-02-17,5
2024-02-18,5
2024-02-21,0
2024-02-29,0
2024-03-02,0
2024-03-10,0
2024-03-19,1
2024-03-20,2
2024-03-21,0
2024-03-22,1
2024-03-23,11
2024-03-24,2
2024-04-05,0
2024-12-04,0
2024-12-05,4
2024-12-06,4
2024-12-07,4
2024-12-08,2
2024-12-20,2
2024-12-21,4
2024-12-22,1
2024-12-23,1
2024-12-24,8
2024-12-25,7
2024-12-26,4
2024-12-27,4
2024-12-28,0
2025-01-02,0
2025-01-03,1
2025-01-04,0
2025-01-05,0
2025-01-06,0
2025-01-07,1
2025-01-08,1
2025-01-09,0
2025-01-10,0
2025-01-11,8
2025-01-12,8
2025-01-13,6
2025-01-14,4
2025-01-15,3
2025-01-16,3
2025-01-17,6
2025-01-18,2
2025-01-19,0
2025-01-20,1
2025-01-21,1
2025-01-22,0
2025-01-23,1
2025-01-24,0
2025-01-25,0
2025-01-26,0
2025-01-27,0
2025-01-28,1
2025-01-29,5
2025-01-30,4
2025-01-31,3
2025-02-01,2
2025-02-02,2
2025-02-03,3
2025-02-04,3
2025-02-05,2
2025-02-06,3
2025-02-07,3
2025-02-08,3
2025-02-09,16
2025-02-10,14
2025-02-11,12
2025-02-12,10
2025-02-13,33
2025-02-14,32
2025-02-15,28
2025-02-16,37
2025-02-17,50
2025-02-18,48
2025-02-19,46
2025-02-20,45
2025-02-21,45
2025-02-22,45
2025-02-23,45
2025-02-24,41
2025-02-25,35
2025-02-26,28
2025-02-27,25
2025-02-28,14
2025-03-01,10
2025-03-02,9
2025-03-03,9
2025-03-04,9
2025-03-05,7
2025-03-06,3
2025-03-07,3
2025-03-08,2
2025-03-09,2
2025-03-10,1
2025-03-11,0
2025-03-12,0
2025-03-23,2
2025-03-24,2
2025-04-02,3
2025-04-10,0
2025-11-09,1
2025-11-10,5
2025-11-11,8
2025-11-12,3
2025-11-27,0
2025-11-29,0
2025-11-30,5
2025-12-01,0
2025-12-02,3
2025-12-03,1
2025-12-04,1
2025-12-05,1
2025-12-06,0
2025-12-07,0
2025-12-09,2
2025-12-10,5
2025-12-11,5
2025-12-12,5
2025-12-13,5
2025-12-14,5
2025-12-15,5
2025-12-16,3
2025-12-17,3
2025-12-18,1
2025-12-23,10
2025-12-24,2
2025-12-26,4
2025-12-27,10
2025-12-28,8
2025-12-29,2
2025-12-30,2
2025-12-31,2
